chr,position,ref,alt,ac_case,ac_control,p_ad
chr7,100964820,T,C,55,47,1
chr10,132924724,C,T,3,1,1
chr7,75073650,C,T,78,67,1
chr6,16327685,TGC,-,29,23,1
chr17,40818851,-,GCTGCCGCCGCCGTATCCGCCGCCGGAGCT,14,11,1
chr12,6936729,CAGCAGCAGCAGCAG,-,20,13,1
chr21,10413729,G,A,39,32,1
chr15,22866846,AAGA,-,24,20,1
chr1,12760937,C,T,26,17,1
chr2,169182251,C,T,3,2,1
chr20,35434589,C,A,61,56,1
chr11,54707540,T,A,6,6,1
chrX,67545317,GCAGCA,-,4,5,1
chr7,138573598,C,T,3,2,1
chr7,72728896,C,T,47,36,1
chr7,130733862,G,A,66,61,1
chr2,107871510,A,G,11,2,1
chr2,27083912,G,A,3,1,1
chr9,130319603,G,A,7,13,1
chr11,54706953,A,T,6,6,1
chr3,63912684,-,GCAGCA,11,12,1
chr15,88845636,G,A,3,1,1
chr19,39902043,A,G,41,34,1
chr19,4511667,C,T,11,15,1
chr19,14583363,-,GGA,3,1,1
chr1,27382530,C,T,63,44,1
chr3_KI270779v1_alt,164623,C,T,6,7,1
chr3,132696770,T,C,3,1,1
chr2,237334707,C,T,4,2,1
chr22,39663716,AGGTT,-,4,1,1
chr3,75737667,ACATTCATT,-,36,36,1
chr9,120714264,-,CGG,5,3,1
chr9,94318648,GGA,-,23,28,1
chr16,2761961,C,T,4,2,1
chr3,42210085,-,GGAGGA,36,31,1
chr14,60511148,C,T,3,1,1
chr10,46550021,C,T,45,39,1
chr1,152312127,-,CC,9,13,1
chr14,104949015,G,C,44,35,1
chrX,57592291,-,AGCGGCGGC,4,4,1
chr11,54707770,G,A,23,16,1
chr19,17211938,GAG,-,5,1,1
chr9,88133647,-,GACGCTGGGAGACAAGATGACGCTGGGAGACAAGAT,12,17,1
chr19,39886422,A,T,45,40,1
chr7,151195598,C,-,17,18,1
chr1,10639009,G,C,3,5,1
chr17_JH159146v1_alt,267989,C,T,58,28,0.21434679687649
chr1,120436639,AG,-,7,10,1
chr1,120810541,C,T,28,16,1
chr2,73448098,CTC,-,17,19,1
chr7,101042410,C,T,3,2,1
chr7,149722484,AG,-,11,3,1
chr9,136291376,A,G,8,2,1
chr6_GL000251v2_alt,3050066,T,C,7,3,1
chr12,111362802,C,T,5,4,1
chr19,1430274,GTTCA,-,4,6,1
chr7,101000808,C,A,34,30,1
chr11,12294797,-,CTCCTC,14,20,1
chr22,15528424,T,C,24,20,1
chr6_GL000251v2_alt,2621116,-,C,15,27,1
chr11,58358301,A,G,3,1,1
chr1,225519332,TCCAGGCGTTCCTGCCGC,-,5,4,1
chr12,121184758,C,T,3,1,1
chr1,44129720,A,G,3,3,1
chr16,854548,A,C,3,1,1
chr6_GL000255v2_alt,2369662,C,T,4,2,1
chr4,150435614,C,A,3,1,1
chr10,21733775,C,T,3,2,1
chr14_KI270847v1_alt,1479379,C,T,6,5,1
chr16,2237495,T,-,3,1,1
chr8,142664633,T,C,41,41,1
chr14,21523492,G,C,66,61,1
chr13,25097017,GACGGAACT,-,32,8,0.11223562080699
chr3,150703740,-,TCCTCCTCCTCCTCCACCTCT,28,26,1
chr19,20624328,GCTTTGCCACATTCTTCACATTTGTAGAATTTCTCTCCAGTATGATTCTCTCATGTGTAGTAAGGATTGAGGACTGGTTGAAGGCTTTGCCACATTCTTCACATTTGTAGGGTCTCTCTCCAGTATGAATTTTCTTATGTGTAGTAAGGTTAGAGGAGCACTTAAAA,-,35,8,0.0159324341554258
chr22,21209104,G,C,21,4,0.899874458865737
chr17,21703501,G,A,45,39,1
chr4,3074932,A,C,25,19,1
chr5,150656743,CCGCCCCCGCCC,-,22,17,1
chr7,100969680,G,C,45,37,1
chr17,78484884,T,C,3,1,1
chr5,141188034,T,C,56,52,1
chr3,126461734,G,A,5,1,1
chr1,156670865,AG,-,14,7,1
chr1,145872994,T,C,69,66,1
chr7,100955225,T,A,49,29,1
chr3,49721936,-,GCCC,3,3,1
chr21,44579776,G,C,68,61,1
chr19,39906169,T,-,72,22,4.01356207616473e-09
chr19,44477666,G,C,54,56,1
chr17,40818962,-,GCCGCCGTGGCCGCCGCTGGAGCTTCC,6,2,1
chr9,41964577,A,C,46,34,1
chr9,135549320,T,C,8,1,1
chr9,130358408,A,T,7,2,1
chr15,84895407,C,T,3,3,1
chr10,46311546,CCGCCT,-,4,2,1
chr3,129586616,C,A,5,3,1
chr10,73675579,T,C,3,3,1
chr21,44600952,G,A,16,17,1
chr7,48314256,A,G,3,1,1
chr2,69519010,C,G,3,2,1
chr9,20933031,A,C,3,1,1
chr14,92071010,-,CTGCTGCTGCTGCTGCTGCTGCTGCTGCTG,5,1,1
chrX,141002746,CCAACGAGG,-,8,4,1
chr15_KI270905v1_alt,1399327,A,G,16,22,1
chr19,4511528,TTGGCCACATTCGCAGCACCGGTCACCCCACTGCACACAGCATCCTTGGTACCAGTTAACACAGTCTTGGTGGTGTCCATGCCGGTCTGGACAGTCCCTTTGGCCAACTTCACAGCCCCTGTGAGCCCAGTGGACACAGCATCTTTAGTGCCAGTCAGGACAGACTTTGTAGTGTCCAGGCCCCCTTGGATGGCCCCT,-,6,23,0.172533859476472
chr7,100957057,A,-,5,5,1
chr12,111598995,GC,-,4,2,1
chr9,39358957,C,T,56,60,1
chr1,152306292,-,CC,18,19,1
chr11,54603368,G,A,31,22,1
chr10,45826432,C,T,3,1,1
chr6,161048855,A,C,4,1,1
chr6,135411364,C,A,5,3,1
chr19,44387622,C,T,29,29,1
chr19,40380849,G,A,3,1,1
chr13,25096663,-,G,23,11,1
chr14,18601640,T,C,11,14,1
chr2,15940686,GG,-,16,2,1
chr1,149390802,-,GGCGGCGGCGGCGGCGGCGGCGGC,7,4,1
chr1,148952908,G,C,11,10,1
chr22,36191798,CT,-,17,13,1
chr7,151086833,TCT,-,13,14,1
chr19,13207859,CTGCTGCTGCTGCTGCTG,-,7,4,1
chr1,50419102,CGG,-,3,3,1
chr9,133402955,G,A,65,53,1
chr1,146984940,-,ACGTATTGG,16,19,1
chr4,9248714,T,G,5,8,1
chr3,14141703,T,C,4,2,1
chr13,25097012,CGG,-,40,10,0.00437898736700469
chr14,73739238,-,TGCTGCTGT,3,2,1
chr17,16948957,C,T,3,1,1
chr3,49721950,AG,-,8,7,1
chrX,67546515,GGCGGCGGC,-,4,5,1
chr7,105112808,TGGT,-,3,3,1
chrX,154653251,C,G,71,59,1
chr10,124021246,-,GGGC,8,5,1
chr1,41382210,CA,-,3,1,1
chr3,20122760,G,T,3,1,1
chr1,38046637,GCC,-,6,5,1
chr4,159355878,-,CCCCC,4,1,1
chr7,74779296,G,A,6,4,1
chr20,44337252,C,T,3,1,1
chr10,79844173,C,T,5,16,1
chr9,94318641,GCT,-,23,28,1
chr6,167976202,-,T,5,6,1
chr14,69573087,GCG,-,10,13,1
chr22,43143303,C,A,3,1,1
chr1,53327842,A,-,6,6,1
chr3,75738575,G,A,61,55,1
chr20,4869923,G,-,4,6,1
chr1,146125478,G,T,9,2,1
chr1,12938859,G,A,22,28,1
chr15,20535478,C,T,14,5,1
chr7,100773854,G,-,15,9,1
chr9,136291438,C,T,8,8,1
chr7,101000801,G,A,25,16,1
chr7,82915186,A,G,4,1,1
chr9,136717704,T,C,3,2,1
chr17_JH159147v1_alt,69820,CAGCTGGACCCACAGCTGGTTTGGCCACAG,-,3,1,1
chr12,57479393,C,T,3,1,1
chr3,40462029,-,CTGCTGCTGCTGCTGCTG,5,4,1
chr1,145874987,A,G,3,3,1
chrX,67546515,GGC,-,3,9,1
chr16,29384076,GAGGTGTCTTGAGATTATCATCCGCTGAGGGTGGAAGGGGAGTGAGCAGACACTCGA,-,5,6,1
chr16_GL383556v1_alt,52852,C,A,14,14,1
chr18,75285894,TG,-,5,6,1
chr7,75147946,C,T,43,39,1
chr9,39088492,T,A,45,40,1
chr6_GL000251v2_alt,4498023,A,-,10,9,1
chr6,87609165,G,A,3,1,1
chr1,12894694,C,T,14,16,1
chr19,44497294,A,G,61,63,1
chr1,46303298,C,A,3,2,1
chr11,72017776,G,C,5,2,1
chr8,55786376,A,G,3,1,1
chr2,24164309,C,-,15,11,1
chr7,100969671,G,A,45,37,1
chrX,67545316,-,GCAGCA,22,12,1
chr19,39886269,G,A,3,2,1
chr9,68303273,A,T,8,9,1
chr3,12004751,-,GCCCGCGCCGCA,22,16,1
chr9,15423048,G,C,6,1,1
chr9,66989561,C,G,61,59,1
chr6_GL000251v2_alt,3662223,AGC,-,51,40,1
chr9,87919291,-,CATCTTGTCTCCCAGC,12,17,1
chr22,30376488,CAGCCCTGCACATCCCCACCTCGG,-,3,1,1
chr9,41991627,G,A,47,38,1
chr19,50309786,AGTGA,-,7,4,1
chr2,47130244,G,A,4,1,1
chr6,28251917,G,A,5,3,1
chr19,8698023,T,G,25,19,1
chr16,4752873,G,A,3,2,1
chr9,133360384,G,A,23,21,1
chr10,23289914,T,C,3,4,1
chr1,12827720,T,G,86,80,1
chr19,4511610,C,T,9,5,1
chr15,74044932,C,T,3,2,1
chr11,124250452,C,G,41,36,1
chr12,113429267,G,C,5,2,1
chr15,33579984,A,G,3,2,1
chr1,148593699,C,G,8,17,1
chr6,43551371,A,G,5,1,1
chr14,21634161,T,G,66,54,1
chr2,176092922,G,C,4,2,1
chr6,16327663,-,TGA,11,8,1
chr22,23285051,C,A,4,1,1
chr12,6936728,-,CAGCAG,13,12,1
chrX,104013293,T,C,29,32,1
chr17,74588748,A,T,3,3,1
chr1,35479151,C,T,3,2,1
chr12,10709982,G,A,4,3,1
chr1,11650748,-,CTG,3,1,1
chr14,21525364,A,G,23,15,1
chr10,45826456,C,T,79,65,1
chr3,171737551,C,T,3,1,1
chr1,148107750,T,C,9,9,1
chr13,71866526,-,GCCGCCGCC,3,2,1
chr4,3074935,A,C,25,19,1
chr7,100957207,A,G,44,24,1
chr10,46550040,C,A,45,39,1
chr3,40462029,-,CTG,9,9,1
chr3_KI270779v1_alt,164686,-,GGTGGCGTGACCTGTGGATGCTGAGGAAGTGTCGGTGACAGGAAGAGA,42,17,0.683150298297595
chr1,32770949,-,G,7,3,1
chr10,46329942,C,A,4,3,1
chr17,5023888,G,A,3,3,1
chr17,74893525,GGCTCCGTAGGTTCCATGGGCTCCGTAGGTTCCATGGGCTCCGTAGGTTCCATC,-,6,5,1
chr19,39886241,G,C,25,21,1
chrX,136879426,-,T,14,9,1
chr21,45456299,G,A,3,1,1
chr14,22634064,A,G,64,60,1
chr11,54603244,C,T,35,45,1
chr16,2237504,GCCGAGCTCTGACG,-,5,4,1
chr7,144267174,A,G,22,22,1
chr11,20508340,A,G,4,3,1
chr15,82344925,CTCTCCTCCTGTTCACATAGCCTCTCCTCCTGTTCACGTAGCCTCTCCTCCTGTTCACACAGCCTCTCCTCCTGTTCACAT,-,10,9,1
chr4,15003723,-,GGC,5,4,1
chr5,141123440,C,T,30,21,1
chr6,16327669,C,A,9,6,1
chr19,21383386,AATTCATGCTGGAGAGAAACACTACAAATGTGAAAAATGTGGCAAAGATTTTAAACAGTCCTCACACCTTACTAAACATAAGAC,-,8,9,1
chr9,35906547,-,CCACCACCACCACCACCCCCGCCACACCCCTCACCACCTCCA,3,2,1
chr19,39902257,T,G,34,36,1
chr11,124225572,A,G,86,70,1
chr19,44479350,G,C,49,55,1
chr1,152312130,TG,-,9,13,1
chr12,122604952,G,C,4,5,1
chr6,132538470,A,T,11,9,1
chr1,152215736,C,T,10,4,1
chr11,31789913,T,-,24,27,1
chr12,111598993,C,-,4,2,1
chr8,94881687,T,C,5,3,1
chr19,11416089,T,G,39,39,1
chrX,153804642,G,C,7,4,1
chr4,3074927,-,CAA,21,14,1
chr8,58659589,G,C,3,3,1
chr16_KI270853v1_alt,263421,C,T,6,3,1
chr1,1495588,A,T,3,1,1
chr8,143213308,T,G,51,51,1
chr11,12294797,-,CTCCTCCTC,9,6,1
chr16,2237507,GAGCTCTGACG,-,8,3,1
chr19,36183445,T,C,4,5,1
chr11,124225570,C,T,86,70,1
chr19,41090100,-,CCA,3,3,1
chr1,149390802,-,GGCGGCGGCGGCGGCGGCGGCGGCGGC,7,10,1
chr7,100956991,A,G,47,38,1
chr4,7042279,C,A,3,2,1
chr9,106927220,AA,-,3,3,1
chr17,74866471,T,C,48,42,1
chr4,102901326,AC,-,45,37,1
chr19,39902109,T,G,45,40,1
chr8,144392334,-,GGGGGTGCAAGGTGA,33,37,1
chr9,39359837,G,A,12,12,1
chr11,1186303,C,T,21,21,1
chr7,101000587,C,A,3,6,1
chr1,41382212,-,GGAC,3,1,1
chr3,101245963,G,C,3,1,1
chr11,55665500,C,G,3,3,1
chr3,139373274,C,T,4,1,1
chr1,12895630,G,A,10,4,1
chr2,46480669,-,AGCGGCAGCACGAGGTGGTGATGGAGCAGCTGCAGCGGG,4,3,1
chr11,75241932,G,A,3,3,1
chr19,39886477,C,T,8,3,1
chr15,28202582,AGCCAAGCACTGGCA,-,4,4,1
chr1,120449388,G,A,47,39,1
chr8,144379425,C,A,33,38,1
chr11,75241933,A,T,3,3,1
chr6,16327684,A,C,21,23,1
chr10,46550622,G,C,45,39,1
chr1,99689869,A,G,4,1,1
chr12,122715611,G,C,18,22,1
chr13,25097195,A,-,40,13,0.117909868630094
chr1,12775725,C,T,27,19,1
chr9,133554507,G,A,37,32,1
chr7,144266925,T,C,47,33,1
chr7,100998211,A,G,9,4,1
chr12,3540639,GTCGT,-,3,7,1
chr1,12716215,C,A,33,19,1
chr1,120809865,T,G,38,32,1
chr17,10448672,C,-,3,1,1
chr8,10610079,-,CCTCTAACTGCACCCTCTCTTCTTGCAGCCCTTCTATTACTTTAGTCC,12,6,1
chr3,27721936,-,CGC,3,3,1
chr17,82586179,GGAGACCACAGGGAAGTCAAAGGTAGGCGGAGGGGAAAGGAGGAGAGG,-,3,5,1
chr15_KI270905v1_alt,2430053,-,GAA,6,6,1
chr12,111598975,C,-,3,2,1
chr7,101000510,G,A,4,5,1
chr22,25029315,A,G,10,11,1
chr10,13656923,-,CGC,5,8,1
chr12,70353913,-,A,9,11,1
chr1,120809867,G,A,37,29,1
chr11,64345135,G,A,3,1,1
chr16,29485619,GGAGGTGTCTTGAGATTATCATCCGCTGAGGGTGGAAGGGGAGTGAGCAC,-,4,3,1
chr2,241755891,C,T,3,1,1
chr19,48888066,G,A,5,1,1
chr5,733805,AT,-,25,14,1
chr19,8698550,G,A,9,11,1
chr15,34038913,CCGCCGCCGCCT,-,5,1,1
chr14,31483548,G,A,85,78,1
chr1,152219783,T,C,6,9,1
chr20,2403590,G,A,4,1,1
chr16,29485437,G,A,14,4,1
chr2,119372310,G,A,5,3,1
chr3,49721951,G,C,17,11,1
chr1,16759505,CCCG,-,47,51,1
chr11,1190555,C,T,6,12,1
chr1,179109044,AGCAGTGCCACTG,-,6,8,1
chr3,196509530,G,A,3,2,1
chr1,16759506,CCG,-,3,1,1
chr8,94506678,T,C,3,3,1
chr5,733800,-,AA,25,14,1
chr18,46253736,CTG,-,39,36,1
chr19,33773025,A,G,4,1,1
chr7,83155517,-,GAGCTGGAGGCTTAGCAGGACCAAGAG,14,20,1
chr3_KI270779v1_alt,164645,C,G,3,3,1
chr6_GL000255v2_alt,2667881,C,G,16,11,1
chr9,136291358,C,T,35,22,1
chr3,157428397,C,T,3,2,1
chr14,21634589,A,C,66,54,1
chr17,74893497,-,GGTTCCATGGGCTCCGTAGGTTCCATGGGCTCCGTA,3,1,1
chr17_KI270857v1_alt,401367,G,A,5,3,1
chr15,23361379,GAGCAGCAGGAGAGGCTTCCA,-,24,21,1
chr7,149722480,-,GCC,8,2,1
chr15,20535053,CC,-,6,2,1
chr1,8324522,AA,-,6,5,1
chr12,57809688,T,C,4,2,1
chr19,39886281,GGC,-,45,40,1
chr10,46550133,C,A,45,39,1
chr19,44524136,T,C,73,62,1
chr1,120449357,C,G,36,29,1
chr6,27957851,A,T,3,1,1
chr6_GL000253v2_alt,2449264,C,T,5,4,1
chr11,54603820,G,A,32,22,1
chr16,88804016,C,T,4,2,1
chr16_GL383556v1_alt,52793,C,T,18,22,1
chr1,12893440,T,A,5,6,1
chr7,129512331,G,A,4,2,1
chr15,22786678,GCG,-,43,35,1
chr10,47368085,G,A,12,7,1
chr8,2942574,C,T,3,5,1
chr19,41761981,T,G,31,32,1
chr1,32770948,-,T,3,3,1
chr1,13318516,CTT,-,4,5,1
chr17,72123563,-,C,17,5,1
chr13,99970414,GGC,-,16,17,1
chr1,32772297,AGTTA,-,24,14,1
chr5,132934511,T,A,3,2,1
chr7,144267288,T,C,22,25,1
chr16_KI270853v1_alt,717958,C,T,45,32,1
chr16,67968593,CCCGCCGCTGTC,-,10,6,1
chr1,12893335,T,G,44,34,1
chr17,36166117,T,C,20,17,1
chr9,66987043,G,T,32,32,1
chrX,67545316,-,GCAGCAGCA,11,5,1
chr6,170561925,-,CAG,3,2,1
chr7,100956998,C,A,46,38,1
chr3,184711790,G,T,3,3,1
chr19,45890723,-,G,10,5,1
chr22,37757689,C,T,3,1,1
chr19,39906157,CT,-,72,22,4.01356207616473e-09
chr21,39198843,T,A,3,2,1
chr9,35906627,-,CCACCATCCCCGCCACA,5,1,1
chr4,9248730,G,A,6,9,1
chrX,104250409,G,C,20,15,1
chrX,24364319,CTGCTCTAGCTGCTGCTG,-,5,3,1
chr1,226736540,C,A,3,1,1
chr5,150379715,G,T,3,3,1
chr16_KI270853v1_alt,717656,TCTTGAGATTATCATCCGCTGAGGGTGGAAGGGGAGTGAGCAGACACACTCGGGAGGTGTCTTGAGATTATCATCCACTGAGGGTGGAGCTGAGGGTGGAAGGGGAGTGAACAGACACTCGGGAGGTG,-,22,11,1
chr3,56563802,G,A,3,2,1
chr7,100969674,-,CTG,45,37,1
chr17,21703571,T,G,31,14,1
chr19,9103251,A,T,3,1,1
chr19,17807981,GG,-,4,2,1
chr7,17339284,A,G,3,2,1
chr2,73385903,-,GGAGGA,5,2,1
chr9,35906625,-,CACCCCTCACCACCTCCACCACCACCACCCCCAC,5,1,1
chr9,65283163,G,-,25,10,1
chr10,125836192,C,T,4,1,1
chr7,143572680,C,T,41,37,1
chr19,39902274,G,C,40,39,1
chr12,6936728,-,CAGCAGCAGCAG,5,10,1
chr7,29884272,AT,-,6,2,1
chr21,10590518,G,A,3,1,1
chr7,102285204,C,G,70,49,1
chr11,17547541,G,T,3,5,1
chr1,118926538,T,G,3,1,1
chr19,8974639,G,A,3,3,1
chr19,43198203,G,C,5,2,1
chr1,24159074,C,T,3,1,1
chr1,12920307,T,C,40,33,1
chr13,112068499,GCGGCCGCCGCCGCCGCCGCTGCGGGCGGCGCGCACCAGAACTCGGCCGTGGCGGCGGCGGCGGCGGCG,-,5,2,1
chr19,39886276,-,AGG,45,40,1
chr1,248638310,C,T,72,65,1
chrX,154465991,G,C,83,70,1
chr6_GL000253v2_alt,2720961,-,TGCTGCTGC,39,23,1
chr11,61339072,T,C,3,2,1
chr3,100451756,-,TCCTAGAAGGCATTCTCATGAGGACCAGGAATTCCGATGCCGATCGTCTGACCGTCT,64,59,1
chr19,44430314,A,G,26,16,1
chr3,125055811,GCC,-,9,4,1
chr10,46549400,C,T,4,5,1
chr2,218685187,T,C,3,1,1
chr8,38787571,G,A,3,2,1
chr9,92474742,-,TCATCA,9,5,1
chr21,10462836,C,T,8,5,1
chr22,19973013,G,A,5,2,1
chr11,71538486,-,CCAGTCCAGCTGCTGTAAGCCCTGCTGCTGCTCTTCAGGCTGTGGGTCATCCTGCTG,9,3,1
chr19,12046756,G,A,3,1,1
chr15_KI270905v1_alt,2898049,GGA,-,14,13,1
chr15,20534635,TCCTCCTGCTCCCGTATCTTCTCCTCCTGCTCCCTTATCTTCTCCTCCTGCTTCCACATCTTCTCCTCCTGCTCCTGCCTCTTT,-,36,27,1
chr1,26282742,C,T,4,3,1
chr13,25097026,TAAGC,-,6,2,1
chr8,8377353,GCCGCT,-,23,17,1
chr1,201209836,-,GGGTTC,3,1,1
chr5,140558784,C,T,3,1,1
chr19,17807975,AG,-,11,8,1
chr19,39906058,CT,-,72,22,4.01356207616473e-09
chrX,102463005,G,A,39,33,1
chr2,130115218,A,G,4,3,1
chr17,44777715,C,T,3,6,1
chr5,141180333,C,T,75,71,1
chr4,174977850,-,CAGAGTCAACCTCCTGTGATGCCTTCCCAGAGTCATCCTCAGTTGACGCCTTCC,9,13,1
chr10,35639493,C,T,5,3,1
chr16,29485611,CACACTC,-,4,3,1
chr15,71215357,G,A,4,1,1
chr4,9245168,G,C,4,10,1
chr7,144362670,-,TGGAGGCTGAGGAGGCCCAGCG,37,32,1
chr12,20858547,C,A,3,2,1
chr14,67865001,AGA,-,3,3,1
chr11,66287636,G,C,3,2,1
chrX,1196876,G,A,11,8,1
chr1,206110373,C,T,16,5,1
chr19,17286685,TGTGTGTT,-,3,6,1
chr19,17286648,GTGT,-,10,9,1
chr1,156670881,G,C,9,10,1
chr19,41090177,C,G,3,3,1
chr11,124224942,C,A,52,41,1
chr1,114886162,C,T,3,1,1
chr10,97259530,G,A,3,1,1
chr2,73081096,TCCTCC,-,39,25,1
chr1,146988091,A,G,15,11,1
chr8,8318866,GGGGCG,-,40,24,1
chr22,21208260,G,A,32,21,1
chr21,44600768,-,CTGCTGC,4,4,1
chr21,10413733,C,T,8,10,1
chr2,107862830,A,G,4,2,1
chrX,141906414,T,C,3,3,1
chr15,28351234,G,A,41,27,1
chr3,64615994,T,C,3,1,1
chr1,161525485,T,C,9,8,1
chr6_GL000254v2_alt,821297,C,A,14,16,1
chr8,133113602,C,T,3,2,1
chr3,184315845,GGA,-,6,4,1
chr8,11808710,TCCCAC,-,86,78,1
chr2,38071060,G,C,12,10,1
chrX,104250409,-,GCGCCATGGGCGGCCCGGGTGGCACAC,6,12,1
chr15,35084921,C,A,16,17,1
chr17,21703303,G,A,42,34,1
chr22,21208199,G,A,33,23,1
chr16,57813723,TG,-,24,17,1
chr15_KI270905v1_alt,2010554,T,C,14,11,1
chr3,49721936,-,GCCCCCCC,3,2,1
chr11,71565863,-,GGCTGTGGCTCCTGTGGGGGCTCCAAGGGA,53,41,1
chr1,152214830,-,ATGTTGGCCACAG,5,6,1
chr9,137113014,G,A,5,1,1
chr1,156384556,-,C,31,30,1
chrX,37010258,-,CATCTCCGCCCAGAGCCTCCTGAGACTGGAGTGTCC,12,3,1
chr16,2237490,G,-,3,1,1
chr6_GL000255v2_alt,2370116,A,G,69,45,1
chr11,1177533,G,A,17,13,1
chrX,154653499,C,T,71,53,1
chr11,45286083,C,T,3,1,1
chr16,3443786,C,G,3,3,1
chr11,5986450,G,A,11,3,1
chr17,74893497,-,GGTTCCATGGGCTCCGTA,32,21,1
chr9,87919276,CATCTTGTCTC,-,13,10,1
chr18,63588791,C,T,3,1,1
chr10,35639491,-,GG,5,5,1
chr1,146989731,G,C,12,15,1
chr1,12920302,C,G,46,39,1
chr1,120462952,C,T,58,43,1
chr8,94260377,G,A,4,1,1
chr6,81752010,-,CCGCCGAAGTCGCCG,46,41,1
chr8,10610127,T,C,27,21,1
chr7,100957253,C,T,43,28,1
chr10,35639500,GC,-,5,3,1
chr1,152306286,A,C,17,19,1
chr8,143865355,GGC,-,57,47,1
chr1,175160807,C,-,3,4,1
chr1,12893437,C,G,34,34,1
chr3,184315839,T,C,9,6,1
chr1,175160809,TC,-,3,4,1
chr12,56718097,GGGGTGGGGTAGCTAGACCTCCTTTTGGGGAGGGAGGAGTTGCAGCTGGGGTTGTGGGTGCCCCTTTGT,-,27,13,1
chr1,247949492,G,C,4,7,1
chr19,45795880,-,CTCCTCGCCCTCCTCCTC,36,32,1
chr3,49721945,AG,-,8,7,1
chr9,136297715,T,A,18,7,1
chr11,1183769,A,G,23,22,1
chr18,63712604,G,T,30,27,1
chr19,56088071,-,TCG,21,10,1
chr1,201209837,-,GGGAGTAAGGCAAGTTTTAGGGATGGTTTAGGGGGTTCTGGAGAAATGGGGTCAGTGAATGAAGCAGGTTATAGGAAGGATTTGGGGGCTCCTAAGGGAATG,3,1,1
chr4,78776614,-,CGGGGC,3,2,1
chr22,15698671,A,T,4,3,1
chr17,41117935,AGACTGGCAGCACTGGGGTCTGCAGCAGCTGGACACACAGCAGCTGGGGCGACAGCAGCTGGAGATGCAGCATCTGGGGCGGCAGCAAGTGGGCTGGCAGCACAT,-,6,3,1
chr6,136592477,C,T,3,1,1
chr16,4579018,G,C,3,2,1
chr6_GL000251v2_alt,3662222,-,AGC,17,38,0.0817258304761361
chr1,171719211,A,G,5,3,1
chr15,20535057,-,GA,6,2,1
chr19,21116969,ATA,-,5,6,1
chr3,75741362,T,C,78,67,1
chr9,68303626,C,G,35,28,1
chr10,47368615,G,A,12,7,1
chr1,248638301,-,CA,49,39,1
chr10,46549695,C,A,45,39,1
chr3,75736885,A,C,22,17,1
chr6,46691855,G,A,3,1,1
chr6,165662348,-,CCG,5,8,1
chr6,7910699,CAG,-,7,7,1
chr19,39886022,G,C,41,39,1
chr2,73385903,-,GGAGGAGGAGGA,4,1,1
chr7,100773851,A,G,15,9,1
chr1,46672965,C,T,5,2,1
chr19,41686928,T,A,56,47,1
chr15_KI270850v1_alt,55141,T,C,3,2,1
chr11,5986513,G,A,11,2,1
chr7,75501512,G,C,71,72,1
chr19,6755187,C,T,4,1,1
chr16_GL383556v1_alt,52660,G,A,20,21,1
chr19,10110542,G,A,4,1,1
chr6,33684679,A,C,3,1,1
chr1,41382200,-,GCCCGCGCCGGGACGCCCGCCTACTTCGGCGGCTGCAAGGGCGGCGCCTACGGCGGGGGCGGGGGCTTCGGGCCGCCGGCGATGGGCGCTCTGCGCCGTCTGCCCATGCAGACCATCCAGGAGAACAAGCAGGCCAGCTTCGTGCCGGCCGCGGCGCCCTTCCGCCCTGGGGCGCTGCCCGCGCTGCTGCCGCCGCCGCC,6,4,1
chr11,89875641,C,-,8,6,1
chr12,8175287,C,T,43,35,1
chr3_KI270779v1_alt,164734,A,G,4,1,1
chr21,10569527,AAG,-,36,26,1
chr14,104928867,G,A,3,1,1
chr6_GL000255v2_alt,4275547,G,A,73,74,1
chr1,16759500,G,-,7,5,1
chr4,38014735,A,C,4,2,1
chr1,120436644,G,A,48,39,1
chr14,77027488,GCGGCGGCGGCGGCGGCCGCCGCTGCTGCCGCCGCCGCCGCCGCTTCCTTAGCCGACAGGGCCACTGTCTTGACCCCGACGG,-,9,11,1
chr17,4933823,AGCCCGACCACCCCAGAGCCCACCTCAGAGCCCGCCCCCAGCCCGACCACCCCGGAGCCCACCTCAGAGCCCGCCCCC,-,30,17,1
chrX,153073517,G,A,41,45,1
chr7,100958504,C,T,14,8,1
chr16_GL383556v1_alt,52760,T,C,20,22,1
chr19,17286647,-,GT,5,5,1
chr6,43021696,CGGGGCCCGACGTCCCCG,-,4,1,1
chr9,65690975,A,G,18,23,1
chr13,25097135,G,-,43,13,0.0171960904887198
chr16,3289413,C,G,3,3,1
chr22,21208175,G,A,11,12,1
chr4,152975228,G,A,3,1,1
chr7,93131510,C,T,3,2,1
chr2,46956927,G,A,3,2,1
chrX,7843917,GAGTCAGGAGAGCGAGATGGAAGAACCACTGAGTCAGGAGAGCCAGGTGGAGGAACCACC,-,7,6,1
chr19,4511607,T,C,9,5,1
chr19,39906162,-,AGGGG,72,22,4.01356207616473e-09
chr6,170561961,-,CAA,7,9,1
chr1,120466107,C,G,4,4,1
chr19,55613805,GG,-,6,2,1
chr1,25988319,G,A,5,2,1
chr1,149065624,G,A,10,6,1
chr1,248638309,G,A,72,65,1
chr5,156850749,T,A,5,2,1
chr1,12794381,G,C,21,18,1
chr7,100309000,C,T,3,4,1
chr21,10569534,C,T,27,16,1
chr9,41991685,C,T,47,38,1
chr15,101331662,A,G,3,3,1
chr1,149554594,C,G,18,19,1
chr10,46550016,C,T,45,40,1
chr9,114049836,A,C,3,2,1
chr20,298046,-,CGG,17,18,1
chr1,111414901,-,GGTCACAGACTGATGACCCACAGGGGTCAGGGTCTTCTGTCCAGT,3,2,1
chr14,24311221,CT,-,3,2,1
chr6,34889525,-,GGCGGC,17,16,1
chr1,145873487,G,A,56,54,1
chr7,100957125,AGG,-,45,28,1
chr1,13418237,C,G,57,56,1
chrX,141906056,-,CTGAGAGAACTCAGAGTACTTTTGAGGGTTTTGCCCAGTCTCCTCTCCAGATTCCTGTGAGCCCCTCCTTCTCCTCCACTTTACTGAGTCTTTTCCAGAGTTTCT,4,4,1
chr8_KI270813v1_alt,170836,T,A,28,18,1
chr10,48180858,C,T,3,3,1
chr9,66908682,AGG,-,10,8,1
chr17_KI270860v1_alt,154427,G,A,12,2,1
chr15,62068197,C,T,3,5,1
chrX,100987547,C,T,3,2,1
chr19,4695473,C,G,3,1,1
chr1,148593602,G,A,14,11,1
chr3_KI270937v1_alt,69064,TGAGGGGGTGATGACTGGATGGGGGCCGTCGGAAGAGGCGCTGCTCTCTGAGGCCCG,-,4,5,1
chr7,100993961,G,A,11,6,1
chr3,75665820,C,A,23,20,1
chr1,152214223,T,A,24,12,1
chr1,120449395,C,G,37,31,1
chr10,94842866,A,G,86,77,1
chr7,100957015,T,C,46,36,1
chr15,99712505,CAGCAGCAGCAGCAGCAGCAG,-,4,2,1
chr15,82344921,TAG,-,11,13,1
chr19,42002235,-,C,4,3,1
chr9,130681606,CGCCGCCGCCGCCGC,-,7,5,1
chr3,75665674,G,-,45,37,1
chrX,8465539,A,G,4,1,1
chr19,39886171,C,T,5,6,1
chr15,90754895,G,A,3,1,1
chrX,153182604,G,A,30,36,1
chr7,102348543,G,A,9,8,1
chr19,39886243,C,G,45,40,1
chr3,98354086,C,A,3,1,1
chr19,17807982,G,C,15,17,1
chr22,38075061,G,A,3,1,1
chr11,71527629,-,CTGCTGCCAGTCCAGCTGCTGTAAGCCCTGCTGCTGCCAGTCCAGCTGCTGTAAGCCCTG,18,12,1
chr19,1430253,-,G,6,4,1
chr4,159355878,-,CCCCCC,6,3,1
chrX,6533758,-,GTTCTTCCATCTCGCTCTCCTGACTCAGTGGTTCCTCCACCTGGCTCTCCTGACTCAGTG,7,3,1
chrX,24364257,TGCTGCTGC,-,3,3,1
chr7,105112808,TGGTCCTG,-,5,3,1
chr9,42186961,C,T,62,66,1
chr21,44600767,-,CA,4,4,1
chr9,39359763,C,A,12,12,1
chr7,99709062,G,C,23,14,1
chr19,21972962,T,C,3,1,1
chr5,179698533,C,T,3,2,1
chr11,1188914,G,A,67,59,1
chr14,21670348,-,GT,33,13,1
chr19,11832207,T,C,3,1,1
chr12,80460849,C,T,57,50,1
chr19,44512058,G,A,57,54,1
chr3,184315838,AT,-,13,2,1
chr5,73447188,G,A,3,2,1
chr3,51993838,CCTTGG,-,19,7,1
chr2,85435798,G,C,3,2,1
chr15,21652359,A,G,14,17,1
chr22,16784304,G,A,42,38,1
chr14_KI270847v1_alt,1479414,A,G,63,49,1
chr21,10605547,G,A,3,2,1
chr19,17807987,GTG,-,8,9,1
chr1,155208991,T,A,17,19,1
chr7,11831843,-,GCAGCG,5,5,1
chr16,1432702,GAG,-,61,46,1
chr7,100957103,C,T,45,28,1
chr7,130733894,G,T,66,61,1
chr8,11300089,A,G,3,2,1
chr15,84982292,C,T,3,2,1
chrX,132078544,C,A,4,3,1
chr1,225351806,C,G,3,2,1
chr12,70353913,-,AA,7,4,1
chrX,24364313,CTGCTCCTGCTCTAGCTGCTGCTG,-,5,9,1
chr1,152306354,-,TTG,5,16,1
chr1,152213336,-,AG,25,16,1
chr1,47219924,AG,-,4,1,1
chrX,27747283,GAG,-,17,12,1
chr11,1185058,GG,-,13,13,1
chr7,105389276,G,A,5,2,1
chr10,46584599,G,C,41,36,1
chr12,3540625,AG,-,6,1,1
chr11,12294797,-,CTC,34,21,1
chr19,39893486,G,A,22,21,1
chr10,17796225,C,A,9,8,1
chr5,139848488,CCGGGT,-,13,7,1
chr7_KI270809v1_alt,14253,A,G,33,28,1
chr15,78765841,-,TGGGTCC,5,14,1
chr3,42210085,-,GGA,43,36,1
chr17,79731150,C,T,37,40,1
chr17,21703362,G,C,45,40,1
chr19,1004518,TAGGTT,-,7,3,1
chr1,1708856,TCCTCCTCC,-,20,17,1
chr12,70353914,A,-,19,10,1
chr10,46550618,C,T,45,40,1
chr15,60005457,G,T,3,2,1
chr4,9248733,C,G,6,9,1
chr16,11927758,G,C,9,5,1
chr3,77565010,A,G,3,1,1
chr21,44574611,T,G,66,60,1
chr17_JH159146v1_alt,255178,TGCAGGACCACCTGCTGCCGCCCCAGCTGTTGTGTATCCAGCTGCTGCAGGCCCCAGTGCTGCCAGTCTGTGTGCTGCCAACCCACTTGTTCCCGCCCCAGCTGCTGTCAGACCACCTGT,-,56,31,1
chr1,157696253,G,A,3,1,1
chr9,87919291,TGTCCAA,-,17,11,1
chr20,63309415,C,-,4,1,1
chrY,21548755,T,G,4,4,1
chr21,10569701,C,T,37,36,1
chr6,16327666,C,A,5,4,1
chr10,47503470,G,A,41,41,1
chr1,149390802,-,GGCGGCGGCGGCGGCGGC,4,4,1
chr3,58566602,C,G,3,1,1
chr6,16327684,-,TGC,3,3,1
chr5,56183578,C,G,3,1,1
chr21,34449517,CGTCACTGCTGCGGGGGGACCTGCGGGCCAGGCCCGACATGTTGCCACCCTGCTGAACTGTCTCCTGCCACAGCTTGGTCAGAAAGGG,-,8,16,1
chrX,153182483,A,G,53,46,1
chr16,1256680,G,C,5,3,1
chr20,45375116,T,G,3,1,1
chr10,46550466,A,G,45,40,1
chr15,40407806,TT,-,16,14,1
chrX,9688139,-,GCGGCG,5,1,1
chr11,72139111,TA,-,86,75,1
chr4,139889910,TGCTGCTGC,-,4,2,1
chr12,75498844,C,T,3,1,1
chr3,51715089,A,G,5,1,1
chr19,39902558,A,G,68,65,1
chr2,96115239,TCCTCCTCT,-,49,40,1
chr11,31789913,TT,-,12,11,1
chr12,131828558,-,CGCTGCTGT,3,4,1
chr1,13178835,T,G,40,53,1
chr1,156670881,-,CCCCCCCCCC,6,4,1
chr9,42189007,C,T,62,66,1
chr15,40302583,G,T,3,1,1
chr17,21703340,C,T,45,38,1
chr3,75739007,G,C,39,41,1
chr12,20740325,A,G,3,1,1
chr19,14594762,T,C,3,1,1
chr12,52553041,C,T,3,3,1
chr21,44601579,G,A,16,18,1
chrX,141242391,C,T,8,2,1
chrX,7843769,G,C,3,1,1
chr11,124225542,A,G,60,47,1
chr6_GL000253v2_alt,2449248,-,C,9,10,1
chr12,124993835,-,CTGCTG,4,2,1
chr4,26489292,T,C,3,1,1
chr7,100996138,G,A,19,18,1
chr3,12004864,C,G,5,1,1
chr7,100773854,-,TT,6,3,1
chr11,124250539,-,AGCTACATATGTTTTTAAATCTAATCTAATTTA,6,3,1
chr11,31789912,-,T,6,5,1
chrX,152652814,A,T,56,63,1
chr12,128876014,G,A,3,1,1
chr1,42830524,C,T,6,2,1
chr19,2939270,ACCACCCTTACCCAAGGAGGCA,-,14,17,1
chr17,21415481,G,A,4,1,1
chr1,26826953,GCAGCG,-,4,1,1
chr7,100958135,T,C,61,40,1
chr10,94357309,G,A,3,1,1
chr1,13178951,G,A,40,50,1
chr7,101003197,G,A,7,4,1
chr10,46550013,T,C,45,39,1
chrX,152727846,C,T,56,62,1
chr7,87426862,G,T,3,1,1
chr1,35590655,G,A,3,1,1
chr19,39902034,G,T,34,33,1
chr11,66744819,-,GGCGGCGGC,3,1,1
chr19,39886257,C,T,45,40,1
chr10,46462341,C,A,28,19,1
chr7,128866780,C,T,3,2,1
chr6,28272166,G,A,6,4,1
chr1,120460584,G,A,7,9,1
chr19,8698592,G,A,9,11,1
chr7,100957117,A,G,45,27,1
chr19,44386639,C,T,83,60,1
chr7,100773850,CAT,-,6,3,1
chr22,21208247,G,A,19,16,1
chr10,46549538,A,G,45,40,1
chr17,21703531,A,G,45,38,1
chr11_JH159136v1_alt,171946,-,T,7,10,1
chr3,42210086,GGA,-,5,4,1
chr1,149390802,-,GGCGGC,30,31,1
chr7,72728899,A,C,79,75,1
chr1,149075807,A,C,33,35,1
chr1,145898994,C,T,4,7,1
chr17,80090318,GGGACGCGCGCAGGCACGTGCACGAACAA,-,3,1,1
chr3,121545862,G,C,3,1,1
chr1,12725527,T,G,26,18,1
chr9,35910609,G,A,3,1,1
chr7,64708639,-,A,11,7,1
chr16,1346279,G,A,3,1,1
chr19,46621334,G,T,3,1,1
chr9,41991721,G,A,34,39,1
chrX,77682471,C,G,55,47,1
chr7,101000809,G,A,34,30,1
chr7,101035137,A,C,20,18,1
chr17,40818851,-,GCTGCCGCCGCCGTATCCGCCGCCGGAGCTGCTGCCGCCGCCGTATCCGCCGCCGGAGCT,10,4,1
chr7,72744551,-,A,67,66,1
chr5,179345259,GCA,-,3,5,1
chr12,124993835,-,CTG,45,41,1
chr1,26282328,-,GGGACTGGGGCCGGGACCGGGACC,9,12,1
chr10,17849701,G,A,41,42,1
chr12,6936728,-,CAG,10,6,1
chr4,343809,A,G,3,1,1
chr8,144138810,G,C,11,8,1
chr17_JH159146v1_alt,255544,TCCAGCTGCTGCCGCCCCTCTTGCTGTGAA,-,57,28,0.393707426576444
chr9,41991703,G,T,47,38,1
chr3,44893589,T,C,3,1,1
chr6_GL000252v2_alt,683125,T,C,18,5,1
chrX,67545316,-,GCA,10,8,1
chr14,92071010,-,TGCTGCTGCTGCTGCTGCTGCTGCTGCTGCTGCTG,4,10,1
chr1,50419102,CGGCGG,-,15,6,1
chr7,100966916,T,A,14,18,1
chr19,39906133,GC,-,72,22,4.01356207616473e-09
chr22,18608233,-,CACCTG,3,4,1
chr10,46027444,A,C,48,49,1
chr15_KI270850v1_alt,54729,C,G,4,2,1
chr7,101035448,-,AG,3,6,1
chr16,1432702,GAGGAGGAGGAG,-,4,11,1
chr14,24300643,-,GAG,6,9,1
chr10,45826906,G,C,26,34,1
chr21,34792308,A,G,7,1,1
chr19,41717688,G,A,25,17,1
chr11,124250545,-,ATTTCAAGTTGATTAAAATTTACTTTAG,6,4,1
chr14,24300643,-,GAGGAG,10,9,1
chr19,49652105,CCGCTCCCGCTC,-,4,5,1
chr1,26338416,A,C,3,2,1
chr1,152214827,A,C,5,6,1
chr1,12719616,C,T,26,19,1
chrX,111744725,-,ACC,4,2,1
chr10,17809514,G,A,4,2,1
chr19,58277217,GGCCAGAAGGATCTGAGAGAGTGTGGCCAGCTTGAGCCCTCAGGAGTC,-,45,44,1
chr2,199925135,C,G,3,1,1
chr12,21274581,T,C,3,3,1
chr19,11978723,A,G,5,1,1
chr14,19713771,A,G,12,7,1
chr6_GL000251v2_alt,2594592,C,T,7,7,1
chr17,74312082,C,T,3,1,1
chr16,29383427,T,C,18,16,1
chr4,9243945,T,C,34,32,1
chr7,101004095,C,T,68,62,1
chr8,143329439,C,G,3,1,1
chr1,120449349,A,G,40,30,1
chr17,65535650,G,A,3,3,1
chr7,92110149,T,C,3,2,1
chr16,4899344,T,A,3,2,1
chr6_GL000254v2_alt,821486,G,C,16,20,1
chr7,100958744,A,G,49,26,1
chr16,29485391,GCTGAGGGTGGAGCTGAGGGTGGA,-,3,1,1
chr2,86987040,G,T,12,15,1
chr14,21634436,C,T,38,31,1
chr14,92071010,-,TGCTGCTGCTGCTGCTGCTGCTGCTGCTGCTGCTGCTG,8,7,1
chr16,29485304,C,T,5,3,1
chr5,128178624,G,A,3,1,1
chr1,149055841,C,T,37,38,1
chr16,29485390,-,GCTGAGGGTGGA,28,19,1
chr10,47474375,C,A,7,8,1
chr15_KI270905v1_alt,979187,CTC,-,15,11,1
chr17,75502258,G,A,3,1,1
chr19,15682425,C,T,29,25,1
chr19,44513190,C,T,81,71,1
chr1,13318518,-,AA,4,5,1
chr12,70353914,AA,-,9,8,1
chr6_GL000253v2_alt,3528887,AGCAGCAGC,-,18,19,1
chr10,49988768,-,C,5,3,1
chr11,1185062,-,AC,13,13,1
chr14,21634218,C,T,50,39,1
chr6_GL000256v2_alt,2326546,A,G,19,21,1
chr7,100957214,G,A,44,23,1
chr1,120436530,T,G,60,52,1
chr10,46550723,C,T,45,40,1
chr8_KI270813v1_alt,153571,C,T,7,13,1
chr21,44580031,C,A,67,61,1
chr14,38210558,-,GCTCTGAGCCCGGGCCACGCAGGG,7,13,1
chr11,134356357,T,A,4,2,1
chr12,49600037,C,-,4,2,1
chr9,87919289,-,GC,13,17,1
chr1,152306295,TG,-,15,19,1
chr6,27312098,T,C,5,3,1
chr11_JH159137v1_alt,18810,G,T,57,59,1
chr5,141201368,G,A,25,21,1
chr9,35906598,-,CCACCACCACCC,3,1,1
chr19,49652104,-,CCGCTC,4,5,1
chr1,13223363,G,A,52,61,1
chr21,10605542,G,A,15,10,1
chr18,79864068,GCGCGGGGCCGA,-,7,2,1
chrX,67546515,GGCGGCGGCGGC,-,8,5,1
chr13,41868374,C,T,4,2,1
chr8,94391640,T,C,3,1,1
chr11,47638749,T,A,3,3,1
chr1,146989666,T,G,12,14,1
chr16,57813726,AGGTGG,-,24,17,1
chr11,124225013,C,-,23,12,1
chr12,20637217,T,C,4,2,1
chr7,143642864,G,T,61,53,1
chr3_KI270779v1_alt,164622,C,T,4,1,1
chr1,153003487,C,T,3,1,1
chr19,39886240,T,C,41,37,1
chr22,50548000,CCCCAACCCCAGCCGCATCCCCTGCCCCAGCCCCCACCTCAGCCCCAA,-,20,19,1
chr1,152213342,CA,-,18,17,1
chr14,21665783,G,A,49,33,1
chr11,1191629,CCAGCACAACCTCTGCCTCTACAG,-,6,7,1
chr18,79411171,C,T,3,2,1
chr1,97883329,A,G,14,5,1
chr6,81752010,-,CCGCCGAAGTCGCCGCCGCCGAAGTCGCCG,9,3,1
chr9,39088549,G,A,45,40,1
chr11,54706901,A,G,31,23,1
chr11,5986383,G,T,11,2,1
chr12,3540634,AG,-,5,1,1
chr1,149390802,-,GGCGGCGGCGGCGGCGGCGGC,25,16,1
chr19,4359193,C,T,3,3,1
chr17_KI270857v1_alt,401336,G,A,11,4,1
chr13,110457152,TGCGTCTGCGTGGGACCCCAGGCGTCCGTGGGGCTGATGCCC,-,10,13,1
chr13,71866526,-,GCCGCC,54,33,1
chrX,8466313,T,C,12,8,1
chr16,71947512,TTTG,-,3,2,1
chr14,21665434,A,G,49,33,1
chr15,89333596,-,TGC,3,2,1
chr3_KI270936v1_alt,69448,T,C,6,1,1
chr17,76453122,G,T,4,2,1
chr6_GL000254v2_alt,821499,A,G,15,20,1
chr7,259973,C,T,3,1,1
chr21,44891901,C,G,3,1,1
chr7,30791390,C,T,4,1,1
chr1,156670880,TG,-,13,6,1
chr6,43067101,-,G,10,5,1
chr15,75353753,G,A,3,1,1
chr5,146459072,-,CAGGCC,6,1,1
chr19,56088072,TCGTCG,-,3,4,1
chr11,369845,GCT,-,3,2,1
chr5,40852609,A,T,3,1,1
chr9,35906586,-,CCACCACCACCA,7,4,1
chr3,75741293,G,A,78,67,1
chr19_KI270938v1_alt,867896,GA,-,5,1,1
chr1,152214844,G,C,12,6,1
chr4,4388048,-,GCCCCGCAGCTGCCCTGCTCCTCCCTT,14,2,1
chr19,49010484,ATAGA,-,3,2,1
chr6,16327672,C,A,17,8,1
chr1,225519331,-,TCCAGGCGTTCCTGCCGC,5,3,1
chr16,70973906,C,T,5,6,1
chr10,133625456,C,-,10,4,1
chrX,67545317,GCA,-,16,5,1
chr3,75736880,A,C,22,17,1
chr1,158329489,T,C,3,2,1
chr1,17331112,C,G,3,2,1
chr11,66560624,C,T,33,39,1
chr14,21634283,G,C,51,40,1
chr3,75738661,-,T,23,10,1
chr12,7190513,GCCTCTGAGGCAGTGAGTGTTCTTGAGGTGGAAAGCCCAGGTGCA,-,62,32,0.207334350319804
chr7,100965345,C,A,45,40,1
chr10,19491628,C,A,3,1,1
chr3_KI270779v1_alt,163615,-,GGTGACAGGAAGAGGGGTGGCGTGACCTGTGGATGCTGCGGAAGTGTC,11,8,1
chr14,18601543,C,A,16,14,1
chr1,53327839,TG,-,6,6,1
chr21,10413753,T,C,28,22,1
chr5,149348355,G,A,3,1,1
chr7,100996442,G,A,7,7,1
chr5,176384092,GT,-,5,4,1
chr1,152306299,T,A,16,19,1
chr5,141137592,C,T,14,10,1
chr3_KI270779v1_alt,164589,G,A,38,28,1
chrX,111744769,CCT,-,3,5,1
chr11,5986042,G,A,11,2,1
chr3,75738859,A,C,78,67,1
chr1,45334474,C,T,3,2,1
chr9,92615894,C,T,4,1,1
chr1,156670881,-,CCCCCCCCCCC,6,2,1
chr21,10462861,G,A,4,2,1
chr10,46550598,C,T,45,40,1
chr9,95125109,C,T,3,1,1
chr22,43227412,G,C,3,1,1
chr3_KI270779v1_alt,163384,-,AAGAGGGGTGGCGTGACCTGTGGATACTGAGGAAGTGTCGGTGACAGC,6,2,1
chr11,54603280,G,A,35,45,1
chr21,44579876,G,C,66,61,1
chr22,25028612,C,A,12,11,1
chr7,100996039,C,T,23,5,0.780566129082957
chr3_KI270779v1_alt,163488,G,T,4,1,1
chr16,84130095,T,C,3,2,1
chr21,10462840,G,C,24,18,1
chr4,3074938,A,C,25,19,1
chr7,82954293,A,C,4,1,1
chr16,57813760,C,T,22,15,1
chr1,45334495,G,A,3,2,1
chr21,44601475,C,G,16,18,1
chr19,39886558,C,G,18,12,1
chr13,25097017,GACG,-,8,2,1
chr3,75737230,T,C,50,46,1
chr19,56525668,A,G,3,1,1
chr19,39906164,-,GG,72,22,4.01356207616473e-09
chr17,41477614,C,T,3,1,1
chr1,228274676,G,A,3,2,1
chr19,55518780,G,A,4,1,1
chr9,35906586,-,CCACCA,5,9,1
chr21,10462873,G,A,34,26,1
chr19,39886260,G,T,45,40,1
chr9,92474743,TCATCA,-,13,17,1
chr10,46550009,-,CCCCCACCT,45,40,1
chr3,75738116,CT,-,25,19,1
chr22,37724147,G,A,4,1,1
chr14,61043478,C,A,5,1,1
chr17,21703568,G,A,31,17,1
chr7,138630114,TCT,-,4,2,1
chr8,23289900,C,T,3,1,1
chr3,75738187,T,C,8,5,1
chr19,17636139,G,C,3,1,1
chr7,100952788,A,C,53,36,1
chr7,100966916,T,C,34,34,1
chr19,39899634,C,T,58,55,1
chr2,203440845,A,G,3,1,1
chr10,46550439,T,G,45,39,1
chr5,157166110,G,A,3,2,1
chr1,120808586,C,T,38,29,1
chr1,218307631,A,G,3,1,1
chr12,55743400,-,GCG,4,4,1
chr2,15940695,GGAGA,-,15,1,0.417511925666543
chr10,122291133,G,C,3,1,1
chr1,156670886,GGG,-,7,8,1
chr7,100957078,A,G,45,33,1
chr7,100996137,C,A,19,19,1
chr21,10569454,G,A,36,17,1
chr3_KI270779v1_alt,164620,G,T,4,1,1
chr7,67281505,-,GGGTGGC,36,20,1
chr3,98133214,A,G,12,14,1
chr21,10602146,A,C,52,44,1
chr18,45825760,T,G,3,3,1
chr22,21388309,G,A,31,28,1
chr9,34372875,G,C,4,3,1
chr6,27867099,T,C,5,3,1
chr11,1188586,G,A,21,21,1
chr10,46550427,T,C,86,75,1
chrX,24364310,CTC,-,4,3,1
chr13,25097173,TATGA,-,42,15,0.165240950218795
chr6_GL000251v2_alt,2594492,A,G,64,51,1
chr6,170561967,GCAG,-,5,9,1
chr19_GL949752v1_alt,817186,GAA,-,9,4,1
chr19,39899636,A,C,58,55,1
chr1,120460621,C,A,60,51,1
chr11,90086673,A,C,9,3,1
chr6,156778907,AGGAGGAGCAGGAGC,-,3,4,1
chr13,110457271,G,C,10,4,1
chr11,124225179,G,A,86,70,1
chr15,53609523,T,C,5,1,1
chr14,92071010,-,TGCTGCTGCTGCTGCTGCTGCTGCTGCTGCTGCTGCTGCTG,10,7,1
chr1,35590015,G,A,4,2,1
chr10,133423455,GCCGCCCCGGCT,-,6,6,1
chrX,141242387,A,G,77,65,1
chr20,49524168,G,A,3,1,1
chr17,74866908,C,T,48,42,1
chr22,40681828,G,A,3,3,1
chr19,39886005,T,G,41,38,1
chr4,15004125,-,GGGGGGGGGGGG,3,1,1
chr14,21634137,T,C,66,54,1
chr11,31789913,TTT,-,6,3,1
chr16,2763625,C,G,6,1,1
